cv,lcv,rcv
0,0,0

cv,lcv,rcv
0,0,0

cv,lcv,rcv
0,0,0

cv,lcv,rcv
0,0,0

cv,lcv,rcv
0,0,0

cv,lcv,rcv
0,0,0

cv,lcv,rcv
0,0,0

cv,lcv,rcv
0,0,0

cv,lcv,rcv
0,0,0

cv,lcv,rcv
0,0,0

cv,lcv,rcv
0.606423085645839,0.606423085645839,0.597460633423773

cv,lcv,rcv
0.602850881972121,0.602850881972121,0.618447583940091

cv,lcv,rcv
0.997753646406747,0.997753646406747,1.06414691115465

cv,lcv,rcv
0.992800247786351,0.992800247786351,1.01162888517481

cv,lcv,rcv
1.09744867071154,1.09744867071154,1.10948947053333

cv,lcv,rcv
0.938516083638438,0.938516083638438,0.981571115569233

cv,lcv,rcv
0.653052636429705,0.653052636429705,0.647913005184258

cv,lcv,rcv
0.772657975303821,0.772657975303821,0.773633834650388

cv,lcv,rcv
1.05163842235518,1.05163842235518,1.07156058244254

cv,lcv,rcv
1.57728457795458,1.57728457795458,0.929423297360937

time,foot
0.01808529,Left,
0.560993,Right,
1.060228,Left,
1.537521,Right,
2.048122,Left,
2.484845,Right,
2.955039,Left,
3.381737,Right,
3.926352,Left,
4.385371,Right,
4.879012,Left,
5.368015,Right,
5.851365,Left,
6.328459,Right,
6.806097,Left,
7.260227,Right,
7.724761,Left,
8.229244,Right,
8.700366,Left,
9.18883,Right,
9.709834,Left,
10.1811,Right,
10.66268,Left,
11.1482,Right,
11.64964,Left,
12.11922,Right,
12.63153,Left,
13.11351,Right,
13.59458,Left,
14.05624,Right,
14.54655,Left,
14.98778,Right,
15.46949,Left,
15.95124,Right,
16.45605,Left,
16.89308,Right,
17.40926,Left,
17.8819,Right,
18.36877,Left,
18.81096,Right,
19.28912,Left,
19.72995,Right,
20.21919,Left,
20.64993,Right,
21.14771,Left,
21.59254,Right,
22.05928,Left,
22.5164,Right,
23.04416,Left,
23.4734,Right,
23.97174,Left,
24.44924,Right,
24.94319,Left,
25.43089,Right,
25.93004,Left,
26.41273,Right,
26.93935,Left,
27.40054,Right,
27.88748,Left,
28.34021,Right,
28.87751,Left,
29.33999,Right,
29.8896,Left,
30.33276,Right,
30.84503,Left,
31.34914,Right,
31.87174,Left,
32.3098,Right,
32.85239,Left,
33.28448,Right,
33.75066,Left,
34.24466,Right,
34.68832,Left,
35.15017,Right,
35.62316,Left,
36.062,Right,
36.52703,Left,
36.99758,Right,
37.44564,Left,
37.88863,Right,
38.37905,Left,
38.83328,Right,
39.32214,Left,
39.82419,Right,
40.3115,Left,
40.74123,Right,
41.24722,Left,
41.6965,Right,
42.19736,Left,
42.66481,Right,
43.13706,Left,
43.56588,Right,
44.06444,Left,
44.53224,Right,
44.99172,Left,
45.45314,Right,
45.9417,Left,
46.42757,Right,
46.88783,Left,
47.35621,Right,
47.87777,Left,
48.3266,Right,
48.80643,Left,
49.29096,Right,
49.75179,Left,
50.24276,Right,
50.70355,Left,
51.22432,Right,
51.66129,Left,
52.1611,Right,
52.61809,Left,
53.10492,Right,
53.58872,Left,
54.07737,Right,

time,foot
0.3003038,Right,
0.7289913,Left,
1.133433,Right,
1.619625,Left,
2.022838,Right,
2.503832,Left,
2.928004,Right,
3.391837,Left,
3.851073,Right,
4.314967,Left,
4.771762,Right,
5.242085,Left,
5.715099,Right,
6.181124,Left,
6.652607,Right,
7.089894,Left,
7.567631,Right,
8.03458,Left,
8.467788,Right,
8.973355,Left,
9.44415,Right,
9.899032,Left,
10.3751,Right,
10.84517,Left,
11.32287,Right,
11.76754,Left,
12.25128,Right,
12.72033,Left,
13.14223,Right,
13.63414,Left,
14.09695,Right,
14.56339,Left,
14.99672,Right,
15.43818,Left,
15.92868,Right,
16.38925,Left,
16.88481,Right,
17.34589,Left,
17.80989,Right,
18.27881,Left,
18.72085,Right,
19.22043,Left,
19.66373,Right,
20.11019,Left,
20.58982,Right,
21.01725,Left,
21.48614,Right,
21.95059,Left,
22.38657,Right,
22.86116,Left,
23.28631,Right,
23.76119,Left,
24.20311,Right,
24.67291,Left,
25.13476,Right,
25.58239,Left,
26.03214,Right,
26.54556,Left,
27.04382,Right,
27.49423,Left,
27.94612,Right,
28.39446,Left,
28.88725,Right,
29.37785,Left,
29.80962,Right,
30.30926,Left,
30.72908,Right,
31.21642,Left,
31.67634,Right,
32.14783,Left,
32.54978,Right,
33.01868,Left,
33.45536,Right,
33.90152,Left,
34.36301,Right,
34.81504,Left,
35.26625,Right,
35.69758,Left,
36.13758,Right,
36.61656,Left,
37.05663,Right,
37.53462,Left,
37.97068,Right,
38.40858,Left,
38.84714,Right,
39.25746,Left,
39.65908,Right,
40.10349,Left,
40.52287,Right,
40.93222,Left,
41.35229,Right,
41.75764,Left,
42.17385,Right,
42.57737,Left,
42.97679,Right,
43.3786,Left,
43.79001,Right,
44.19806,Left,
44.63594,Right,
45.03464,Left,
45.46612,Right,
45.87278,Left,
46.32465,Right,
46.72969,Left,
47.16218,Right,
47.64131,Left,
48.04237,Right,
48.5193,Left,
48.93446,Right,
49.44093,Left,
49.84881,Right,
50.31802,Left,
50.71054,Right,
51.12914,Left,
51.54404,Right,
51.99576,Left,

time,foot
0.4227724,Right,
1.030069,Left,
1.645027,Right,
2.385945,Left,
2.798602,Right,
3.492535,Left,
4.101233,Right,
4.516959,Left,
4.983158,Right,
5.434994,Left,
5.855318,Right,
6.315571,Left,
6.787159,Right,
7.213277,Left,
7.725647,Right,
8.116734,Left,
8.453264,Right,
8.808264,Left,
9.270364,Right,
9.633788,Left,
10.06458,Right,
10.36848,Left,
11.01412,Right,
11.41001,Left,
11.8055,Right,
12.14649,Left,
12.46434,Right,
12.75336,Left,
12.98337,Right,
25.52147,Left,
26.16243,Right,
26.49717,Left,
26.96213,Right,
27.16969,Left,
27.61472,Right,
27.87733,Left,
28.32417,Right,
28.47303,Left,
29.20826,Left,
29.62477,Right,
29.88098,Left,
30.49297,Right,
30.63048,Left,
31.05911,Right,
31.32777,Left,
31.6889,Right,
31.94784,Left,
32.32419,Right,
32.54237,Left,
32.97179,Right,
33.18564,Left,
33.73277,Right,
33.98103,Left,
34.16824,Right,
34.45875,Left,
34.72279,Right,
34.93711,Left,
35.12486,Right,
35.28398,Left,
35.4911,Right,
35.65634,Left,
35.98178,Right,
36.12753,Left,
36.44991,Right,
36.73836,Left,
36.9048,Right,
37.04683,Left,
37.27724,Right,
37.43071,Left,
37.57759,Right,
37.73164,Left,
38.17769,Right,
38.3438,Left,
38.63956,Right,
38.83027,Left,
39.04655,Right,
39.2304,Left,
39.41164,Right,
39.61528,Left,
39.78148,Right,
39.91135,Left,
40.04062,Right,
40.15933,Left,
40.30268,Right,
40.40405,Left,
40.55806,Right,
40.59418,Left,
40.73706,Right,
40.86796,Left,
41.05298,Left,
41.15949,Right,
41.33489,Left,
41.44597,Right,
41.56963,Left,
41.72744,Right,
41.84345,Left,
41.99285,Right,
42.04744,Left,
42.30589,Left,
42.496,Right,
42.65633,Left,
42.77005,Right,
42.87582,Left,
43.01241,Right,
43.12433,Left,
43.3211,Left,
43.33767,Right,
43.60424,Left,
43.60424,Right,
43.79321,Left,
43.91856,Right,
44.05484,Left,
44.19949,Right,
44.32202,Left,
44.46103,Right,
44.51448,Left,
44.68945,Right,
44.79035,Left,
44.97741,Right,
45.02664,Left,
45.20951,Left,
45.27735,Right,
45.45912,Left,

time,foot
1.488261,Right,
2.446246,Left,
3.41545,Right,
6.929077,Right,
7.513565,Left,
8.27344,Right,
9.104996,Left,
9.831922,Right,
11.30477,Left,
13.60945,Right,
14.69068,Left,
15.33191,Right,
16.02069,Left,
16.82705,Right,
17.6182,Left,
18.91717,Right,
19.49567,Left,
19.96067,Right,
20.13254,Left,
20.44297,Right,
20.56108,Left,
20.73219,Right,
20.85678,Left,
21.09638,Right,
21.19955,Left,
21.36104,Right,
21.48057,Left,
21.63885,Right,
21.76337,Left,
21.90779,Right,
21.99962,Left,
22.17518,Right,
22.30097,Left,
22.4596,Right,
22.55802,Left,
22.68855,Right,
22.80098,Left,
22.94454,Right,
23.06488,Left,
23.21467,Right,
23.30389,Left,
23.46101,Right,
23.5781,Left,
23.75588,Right,
23.89081,Left,
24.07226,Right,
24.13715,Left,
24.39353,Left,
24.39353,Right,
24.60615,Right,
24.6958,Left,
24.88916,Right,
24.96306,Left,
25.15543,Right,
25.24144,Left,
25.42871,Right,
25.52853,Left,
25.67015,Right,
25.76078,Left,
25.93278,Right,
26.04217,Left,
26.20254,Right,
26.29227,Left,
26.4548,Right,
26.54607,Left,
26.75392,Right,
26.82532,Left,
27.04168,Right,
27.15448,Left,
27.33026,Right,
27.46358,Left,
27.62919,Right,
27.72144,Left,
27.92889,Right,
28.02472,Left,
28.20696,Right,
28.28189,Left,
28.49748,Right,
28.59304,Left,
28.77366,Right,
28.86587,Left,
29.04436,Right,
29.13115,Left,
29.30374,Right,
29.39295,Left,
29.61338,Right,
29.70283,Left,
29.87147,Right,
29.99096,Left,
30.19272,Right,
30.30405,Left,
30.49862,Right,
30.56814,Left,
30.83099,Right,
30.88269,Left,
31.12069,Right,
31.24435,Left,
31.43172,Right,
31.53629,Left,
31.65632,Right,
31.78401,Left,
31.94652,Right,
32.03979,Left,
32.25787,Right,
32.34156,Left,
32.55168,Right,
32.58158,Left,
32.87695,Right,
32.90357,Left,
33.10969,Right,
33.19997,Left,
33.3944,Right,
33.44606,Left,
33.68214,Right,
33.7604,Left,
34.04632,Left,
34.23731,Right,
34.39947,Left,
34.6053,Right,
34.73405,Left,
34.91373,Right,
35.03816,Left,
35.23559,Right,
35.31379,Left,
35.60936,Left,
35.60936,Right,
36.7239,Right,
36.90345,Left,

time,foot
2.33459,Right,
2.790229,Left,
3.268131,Right,
3.908109,Left,
4.412343,Right,
4.931991,Left,
5.482124,Right,
6.064445,Left,
6.565311,Right,
7.159486,Left,
7.640902,Right,
8.222611,Left,
9.108381,Right,
9.6464,Left,
10.13274,Right,
10.71693,Left,
11.24001,Right,
11.77242,Left,
12.30839,Right,
12.81114,Left,
13.23137,Right,
13.81184,Left,
14.38776,Right,
15.00469,Left,
15.49813,Right,
17.10058,Left,
17.63313,Left,
18.16464,Right,
18.60144,Left,
19.02393,Right,
19.36884,Left,
19.77766,Right,
20.0764,Left,
20.28299,Right,
20.39964,Left,
20.62576,Right,
20.6996,Left,
20.90339,Right,
20.91995,Left,
21.05931,Right,
21.15827,Left,
21.30111,Right,
21.34526,Left,
21.50508,Right,
21.56831,Left,
21.73654,Right,
21.79608,Left,
21.98756,Right,
22.00346,Left,
22.21877,Right,
22.23533,Left,
22.42482,Right,
22.47483,Left,
22.62517,Right,
22.68272,Left,
22.8473,Right,
22.89487,Left,
23.07854,Right,
23.15952,Left,
23.31894,Right,
23.33517,Left,
23.52772,Right,
23.58094,Left,
23.7448,Right,
23.76136,Left,
23.9442,Right,
23.99396,Left,
24.12004,Right,
24.22446,Left,
24.35846,Right,
24.44136,Left,
24.61666,Right,
24.63355,Left,
24.81322,Right,
24.87228,Left,
25.05171,Right,
25.09161,Left,
25.28082,Right,
25.33172,Left,
25.52194,Right,
25.56476,Left,
25.78663,Right,
25.8107,Left,
25.99382,Right,
26.04206,Left,
26.24159,Right,
26.25816,Left,
26.4515,Right,
26.49798,Left,
26.70888,Left,
26.70888,Right,
26.92629,Right,
26.95673,Left,
27.12466,Right,
27.20367,Left,
27.36039,Right,
27.38786,Left,
27.60496,Right,
27.63095,Left,
27.7937,Right,
27.85081,Left,
28.04475,Right,
28.07496,Left,
28.24877,Right,
28.30148,Left,
28.51082,Right,
28.54802,Left,
28.72145,Right,
28.75459,Left,
28.94537,Right,
28.99013,Left,
29.18193,Right,
29.22694,Left,
29.37927,Right,
29.44253,Left,
29.62677,Right,
29.65998,Left,
29.88112,Right,
29.89812,Left,
30.10422,Right,
30.13739,Left,
30.32812,Right,
30.37906,Left,
30.57162,Right,
30.58819,Left,
30.78014,Right,
30.80238,Left,
31.02961,Right,
31.04618,Left,

time,foot
0.5426957,Right,
0.6698043,Left,
0.8750833,Right,
0.9570605,Left,
1.177511,Right,
1.273937,Left,
1.474527,Right,
1.561211,Left,
1.744206,Right,
1.812795,Left,
2.004391,Right,
2.061313,Left,
2.241199,Right,
2.300824,Left,
2.486506,Right,
2.542073,Left,
2.712299,Right,
2.801177,Left,
2.969438,Right,
3.061908,Left,
3.237696,Right,
3.314142,Left,
3.481112,Right,
3.557806,Left,
3.708896,Right,
3.857672,Left,
3.989996,Right,
4.006565,Left,
4.233474,Right,
4.25837,Left,
4.467133,Right,
4.546645,Left,
4.708528,Right,
4.77837,Left,
4.9388,Right,
5.005582,Left,
5.169894,Right,
5.227378,Left,
5.399878,Right,
5.432936,Left,
5.626605,Right,
5.661655,Left,
5.832752,Right,
5.879997,Left,
6.081181,Right,
6.149462,Left,
6.307074,Right,
6.350981,Left,
6.525254,Left,
6.525254,Right,
6.720425,Right,
6.800222,Left,
6.958476,Right,
7.040806,Left,
7.183732,Right,
7.289938,Left,
7.470147,Right,
7.53895,Left,
7.73098,Right,
7.775373,Left,
7.954992,Right,
8.023872,Left,
8.193798,Right,
8.242338,Left,
8.455308,Right,
8.475724,Left,
8.661667,Right,
8.795681,Left,
8.889701,Right,
9.003129,Left,
9.120657,Right,
9.248364,Left,
9.397151,Right,
9.467483,Left,
9.615743,Right,
9.695251,Left,
9.854316,Right,
9.939137,Left,
10.1054,Right,
10.17315,Left,
10.35646,Right,
10.40271,Left,
10.59209,Right,
10.66259,Left,
10.87527,Right,
10.89183,Left,
11.08721,Right,
11.16123,Left,
11.3098,Right,
11.41668,Left,
11.57124,Right,
11.623,Left,
11.82069,Right,
11.87577,Left,
12.08588,Right,
12.11817,Left,
12.32466,Right,
12.35732,Left,
12.5578,Right,
12.61806,Left,
12.81018,Right,
12.86689,Left,
13.03344,Right,
13.08844,Left,
13.28706,Right,
13.37356,Left,
13.52206,Right,
13.59124,Left,
13.77848,Right,
13.8271,Left,
14.03106,Right,
14.04763,Left,
14.2397,Right,
14.31752,Left,
14.491,Right,
14.5173,Left,
14.70272,Right,
14.79395,Left,
14.96163,Right,
15.05502,Left,
15.25527,Right,
15.34097,Left,
15.80979,Right,
15.84764,Left,
16.06756,Right,
16.11954,Left,
16.32903,Right,
16.40536,Left,
16.60191,Right,
16.63333,Left,
16.90352,Right,
16.95219,Left,
17.49062,Left,
17.99471,Right,
18.13059,Left,
19.59596,Right,
19.70942,Left,
19.97701,Right,

time,foot
7.130874,Right,
7.309109,Left,
7.5074,Right,
7.590025,Left,
7.734315,Right,
7.820618,Left,
7.991561,Right,
8.012826,Left,
8.203334,Right,
8.244983,Left,
8.398436,Right,
8.464592,Left,
8.638607,Right,
8.662194,Left,
8.835704,Right,
8.858143,Left,
9.065431,Right,
9.093518,Left,
9.269199,Right,
9.294105,Left,
9.50773,Right,
9.534986,Left,
9.703318,Right,
9.77496,Left,
9.914326,Right,
9.99776,Left,
10.16585,Right,
10.21556,Left,
10.44356,Left,
10.44356,Right,
10.60538,Right,
10.69476,Left,
10.84765,Right,
10.89735,Left,
11.07102,Right,
11.08758,Left,
11.32309,Right,
11.33966,Left,
11.5385,Right,
11.59341,Left,
11.76036,Right,
11.80911,Left,
12.02514,Right,
12.04171,Left,
12.23715,Right,
12.2537,Left,
12.48524,Right,
12.51154,Left,
12.7238,Right,
12.75306,Left,
12.91932,Right,
12.98834,Left,
13.16259,Right,
13.18937,Left,
13.38607,Right,
13.49188,Left,
13.60845,Right,
13.71434,Left,
13.90255,Right,
13.93711,Left,
14.11745,Right,
14.17991,Left,
14.35263,Right,
14.44603,Left,
14.59761,Right,
14.66885,Left,
14.85516,Right,
14.92683,Left,
15.09931,Right,
15.20346,Left,
15.35956,Right,
15.39341,Left,
15.56405,Right,
15.64292,Left,
15.78036,Right,
15.90961,Left,
16.05292,Right,
16.11116,Left,
16.2923,Right,
16.33713,Left,
16.52843,Right,
16.57661,Left,
16.7813,Right,
16.79785,Left,
16.98919,Right,
17.04062,Left,
17.30964,Left,
17.30964,Right,
17.48588,Right,
17.50816,Left,
17.75191,Right,
17.77748,Left,
17.97334,Right,
18.02304,Left,
18.21646,Right,
18.26693,Left,
18.46609,Right,
18.51862,Left,
18.72915,Right,
18.74578,Left,
18.97694,Right,
19.05342,Left,
19.18542,Right,
19.26055,Left,
19.42184,Right,
19.50085,Left,
19.66273,Right,
19.72152,Left,
19.88597,Right,
19.96784,Left,
20.15487,Right,
20.2174,Left,
20.35192,Right,
20.45506,Left,
20.6188,Right,
20.67391,Left,
20.83579,Right,
20.90301,Left,
21.0693,Right,
21.11579,Left,
21.29958,Right,
21.36156,Left,
21.5199,Right,
21.58534,Left,
21.77354,Right,
21.86765,Left,
22.01506,Right,
22.04258,Left,
22.26834,Right,
22.30105,Left,
22.44985,Right,
22.54812,Left,
22.71628,Right,
22.77896,Left,

time,foot
0.4946802,Right,
1.118517,Left,
1.311721,Right,
1.509048,Left,
1.650673,Right,
1.743405,Left,
2.421864,Left,
2.534062,Right,
2.686216,Left,
2.816295,Right,
2.932829,Left,
3.100701,Right,
3.232738,Left,
10.50482,Right,
10.86105,Left,
11.10588,Right,
15.32735,Right,
18.98078,Left,
19.2953,Right,
19.50954,Left,
19.62308,Right,
19.717,Left,
19.85093,Right,
19.93093,Left,
20.06279,Right,
20.16742,Left,
20.29206,Right,
20.36428,Left,
20.49937,Right,
20.56894,Left,
20.71433,Right,
20.7791,Left,
20.94373,Right,
20.98485,Left,
21.12979,Right,
21.20037,Left,
21.33343,Right,
21.3939,Left,
21.54502,Right,
21.59879,Left,
21.75857,Right,
21.84516,Left,
41.22921,Left,
41.27555,Right,
41.37961,Left,
41.48169,Right,
41.54763,Left,
41.64108,Right,
41.69188,Left,
41.79811,Right,
41.87007,Left,
41.95827,Right,
41.98817,Left,
42.13442,Right,
42.22202,Left,
42.3522,Right,
42.40155,Left,
42.51824,Right,
42.5931,Left,
42.70805,Right,
42.75925,Left,
42.89875,Right,
42.95047,Left,
43.09601,Right,
43.13918,Left,
43.31767,Right,
43.36794,Left,
43.5303,Right,
43.57861,Left,
43.72295,Right,
43.78544,Left,
43.9399,Right,
43.96188,Left,
44.13386,Right,
44.20102,Left,
44.39788,Left,
44.39788,Right,
44.55922,Right,
44.61562,Left,
44.7282,Right,
44.82452,Left,
44.93909,Right,
45.02014,Left,
45.15909,Right,
45.23503,Left,
45.38623,Right,
45.43246,Left,
45.56308,Right,
45.65538,Left,
45.78965,Right,
45.85625,Left,
45.98329,Right,
46.08061,Left,
46.22111,Right,
46.29662,Left,
46.45541,Right,
46.51463,Left,
46.7042,Right,
46.72873,Left,
46.88943,Right,
46.91123,Left,
47.2119,Right,
47.25073,Left,
47.44064,Right,
47.51132,Left,
47.73851,Right,
47.77956,Left,
48.02106,Right,
48.15115,Left,
48.42963,Right,
48.67148,Left,
48.999,Right,
49.30394,Left,
49.6056,Right,
50.11279,Left,
50.40726,Right,
50.79922,Left,

time,foot
0.09469846,Left,
0.4024138,Right,
3.249694,Right,
3.709042,Left,
4.55372,Right,
5.215982,Left,
5.510638,Right,
5.901517,Left,
6.235596,Right,
6.578485,Left,
6.856815,Right,
7.081785,Left,
7.340506,Right,
7.582732,Left,
7.779882,Right,
7.919376,Left,
8.079728,Right,
8.174925,Left,
8.471,Right,
8.556568,Left,
8.791725,Right,
8.831701,Left,
9.016315,Right,
9.075764,Left,
9.252925,Right,
9.328508,Left,
9.465449,Right,
9.545369,Left,
9.6807,Right,
9.721006,Left,
9.869596,Right,
9.908566,Left,
10.09013,Right,
10.15383,Left,
10.29223,Right,
10.37111,Left,
10.55444,Right,
10.59441,Left,
10.74538,Right,
10.78263,Left,
10.98531,Right,
11.05776,Left,
11.15144,Right,
11.25336,Left,
11.43359,Left,
11.43359,Right,
11.64976,Right,
11.68502,Left,
11.88247,Right,
11.95229,Left,
12.1306,Right,
12.19596,Left,
12.39966,Right,
12.50073,Left,
12.85617,Left,
12.85617,Right,
13.10615,Right,
13.29321,Left,
13.60795,Right,
13.76413,Left,
14.05406,Right,
14.24815,Left,
14.63168,Right,
15.05482,Left,
15.49698,Right,
15.96723,Left,
16.42729,Right,
16.91847,Left,
17.39381,Right,
18.13343,Left,
18.79864,Right,
19.29836,Left,
19.78514,Right,
20.25998,Left,
20.7058,Right,
21.20749,Left,
21.71866,Right,
22.12563,Left,
22.58257,Right,
23.11415,Left,
23.55161,Right,
24.09529,Left,
24.48588,Right,
24.98258,Left,
25.47023,Right,
26.05117,Left,
26.5327,Right,
27.05519,Left,
27.55867,Right,
28.08838,Left,
28.55322,Right,
29.08291,Left,
29.48335,Right,
30.01708,Left,
30.61492,Right,
30.99756,Left,
31.50048,Right,
31.97246,Left,
32.39361,Right,
32.93422,Left,
33.44419,Right,
33.90617,Left,
34.41051,Right,
34.82985,Left,
35.42557,Right,
35.87471,Left,
36.39964,Right,
36.8888,Left,
37.35622,Right,
37.94207,Left,
38.45435,Right,
38.99648,Left,
39.50181,Right,
39.99806,Left,
40.51619,Right,
41.02287,Left,
41.47564,Right,
41.97496,Left,

time,foot
0.08448797,Right,
0.2832871,Left,
0.4325218,Right,
0.5649215,Left,
0.6865556,Right,
0.785961,Left,
1.404774,Right,
1.802374,Left,
2.282808,Right,
2.647275,Left,
2.962117,Right,
3.326508,Left,
3.674424,Right,
3.806941,Left,
3.97316,Right,
4.088574,Left,
4.288889,Right,
4.487689,Left,
4.636803,Right,
4.753794,Left,
4.868724,Right,
4.968124,Left,
5.100658,Right,
5.166925,Left,
5.282892,Right,
5.365726,Left,
5.448559,Right,
5.54798,Left,
5.630991,Right,
5.713627,Left,
5.829593,Right,
5.929374,Left,
6.012049,Right,
6.111227,Left,
6.194059,Right,
6.293488,Left,
6.376307,Right,
6.475939,Left,
6.558881,Right,
6.675941,Left,
6.775402,Right,
6.874741,Left,
6.957574,Right,
7.057079,Left,
7.156742,Right,
7.272641,Left,
7.355174,Right,
7.454573,Left,
7.553974,Right,
7.653823,Left,
7.736207,Right,
7.852174,Left,
7.935143,Right,
8.050974,Left,
8.134573,Right,
8.233207,Left,
8.332606,Right,
8.514843,Right,
8.630811,Left,
8.730347,Right,
8.82961,Left,
8.912443,Right,
9.011841,Left,
9.09486,Right,
9.210641,Left,
9.293475,Right,
9.409443,Left,
9.508843,Right,
9.608243,Left,
9.691255,Right,
9.906444,Right,
10.08867,Right,
10.30404,Right,
10.42001,Left,
10.5194,Right,
10.61904,Left,
10.70176,Right,
10.8176,Left,
10.91735,Right,
11.03313,Left,
11.1158,Right,
11.3146,Right,
11.53058,Right,
11.72877,Right,
11.94431,Right,
12.07667,Left,
12.14332,Right,
12.27547,Left,
12.3583,Right,
12.49084,Left,
12.57367,Right,
12.6733,Left,
12.78927,Right,
12.88844,Left,
12.98784,Right,
13.08728,Left,
13.18664,Right,
13.402,Right,
13.51798,Left,
13.6178,Right,
13.7499,Left,
13.81617,Right,
13.9487,Left,
14.04825,Right,
14.18097,Left,
14.2636,Right,
14.396,Left,
14.47883,Right,
14.595,Left,
14.67763,Right,
14.81017,Left,
14.89317,Right,
15.00897,Left,
15.10871,Right,
15.32432,Right,
15.5391,Right,
15.77103,Right,
15.887,Left,
16.01953,Right,
16.25147,Left,
16.5331,Right,
16.64907,Left,
16.78178,Right,
16.89823,Left,
17.03089,Right,
17.14677,Left,
17.24617,Right,
17.36256,Left,
17.46153,Right,
17.56189,Left,
17.66129,Right,
17.77725,Left,
17.87665,Right,
17.99261,Left,
18.10858,Right,
18.20798,Left,
18.32427,Right,
18.44069,Left,
18.53943,Right,
18.67187,Left,
18.80439,Right,
18.93692,Left,
19.03679,Right,
19.136,Left,

time,foot
0.5552174,Right,
0.8502355,Left,
1.29413,Right,
1.570252,Left,
1.750175,Right,
1.855991,Left,
2.060855,Right,
2.14379,Left,
2.360834,Right,
2.419972,Left,
2.6148,Right,
2.659565,Left,
2.845068,Right,
2.888683,Left,
3.071275,Right,
3.171109,Left,
3.309527,Right,
3.396682,Left,
3.582912,Left,
3.582912,Right,
3.821461,Right,
3.871172,Left,
4.052403,Right,
4.094813,Left,
4.280691,Right,
4.317234,Left,
4.500316,Right,
4.539823,Left,
4.719625,Right,
4.774066,Left,
4.950378,Right,
4.992674,Left,
5.218257,Right,
5.260291,Left,
5.442283,Right,
5.494785,Left,
5.685421,Left,
5.685421,Right,
5.934262,Right,
5.97955,Left,
6.214479,Left,
6.214479,Right,
6.450048,Right,
6.488541,Left,
6.679752,Right,
6.734749,Left,
6.91918,Right,
6.964594,Left,
7.154684,Right,
7.192016,Left,
7.445427,Left,
7.445427,Right,
7.625857,Right,
7.679327,Left,
7.896798,Right,
7.938601,Left,
8.138556,Left,
8.138556,Right,
8.363354,Right,
8.400952,Left,
8.598346,Right,
8.64735,Left,
8.83648,Right,
8.879616,Left,
9.069322,Right,
9.107514,Left,
9.305511,Right,
9.356837,Left,
9.557095,Right,
9.6027,Left,
9.748199,Right,
9.840132,Left,
10.02601,Right,
10.07438,Left,
10.26929,Right,
10.30962,Left,
10.48567,Right,
10.5242,Left,
10.76056,Right,
10.80002,Left,
11.00374,Right,
11.0426,Left,
11.24656,Right,
11.28264,Left,
11.52689,Right,
11.56298,Left,
11.80054,Right,
11.84789,Left,
12.07481,Left,
12.07481,Right,
12.33456,Right,
12.37161,Left,
12.58614,Right,
12.63331,Left,
12.83844,Right,
12.88847,Left,
13.0924,Right,
13.13025,Left,
13.33634,Right,
13.37471,Left,
13.56636,Right,
13.64143,Left,
13.82544,Right,
13.87718,Left,
14.11164,Right,
14.18794,Left,
14.3694,Right,
14.42496,Left,
14.62082,Right,
14.66149,Left,
14.87011,Right,
14.91942,Left,
15.12016,Right,
15.15908,Left,
15.36154,Right,
15.40104,Left,
15.56386,Right,
15.61487,Left,
15.76861,Right,
15.87603,Left,
16.05868,Right,
16.11858,Left,
16.17803,Left,
16.36835,Right,
16.40622,Left,
16.62503,Left,
16.62503,Right,
16.91968,Right,
16.97298,Left,
17.30367,Right,
17.35066,Left,
17.54447,Right,
17.5853,Left,
17.8544,Left,
17.8544,Right,

time,foot
0.2411444,Right,
0.5331437,Left,
0.8378413,Right,
1.093831,Left,
1.383563,Right,
1.624205,Left,
1.851271,Right,
2.100348,Left,
2.324294,Right,
2.573127,Left,
2.791336,Right,
3.001835,Left,
3.222113,Right,
3.406158,Left,
3.686674,Right,
3.857432,Left,
4.11906,Right,
4.288084,Left,
4.529446,Right,
4.713589,Left,
4.920378,Right,
5.072558,Left,
5.350698,Right,
5.502868,Left,
5.746319,Right,
5.937409,Left,
6.188195,Right,
6.362258,Left,
6.559032,Right,
6.764389,Left,
6.957408,Right,
7.146741,Left,
7.399235,Right,
7.601024,Left,
7.807546,Right,
7.940718,Left,
8.168811,Right,
8.377723,Left,
8.583951,Right,
8.806288,Left,
9.018314,Right,
9.161989,Left,
9.478203,Right,
9.637579,Left,
9.923516,Right,
10.07869,Left,
10.33075,Right,
10.43743,Left,
10.72058,Right,
10.8542,Left,
11.10241,Right,
11.1976,Left,
11.36978,Right,
11.49523,Left,
11.64903,Right,
11.72023,Left,
11.87835,Right,
11.96333,Left,
12.09495,Right,
12.14967,Left,
12.30731,Right,
12.38105,Left,
12.56274,Left,
12.56274,Right,
12.7848,Right,
12.84693,Left,
12.98532,Right,
13.06606,Left,
13.23351,Right,
13.27308,Left,
13.50152,Right,
13.53639,Left,
13.70927,Right,
13.7937,Left,
13.95244,Right,
14.02868,Left,
14.18641,Right,
14.26839,Left,
14.43912,Right,
14.48757,Left,
14.68507,Right,
14.73722,Left,
14.92932,Right,
15.00342,Left,
15.1782,Right,
15.2288,Left,
15.43037,Right,
15.46236,Left,
15.64726,Right,
15.73746,Left,
15.93521,Right,
15.97774,Left,
16.19109,Right,
16.21833,Left,
16.42704,Right,
16.46232,Left,
16.69266,Right,
16.76619,Left,
16.95099,Right,
17.00425,Left,
17.22481,Right,
17.25337,Left,
17.43338,Right,
17.52542,Left,
17.70042,Right,
17.79198,Left,
17.98557,Right,
18.01337,Left,
18.23221,Right,
18.31136,Left,
18.47198,Right,
18.55972,Left,
18.75088,Right,
18.78417,Left,
18.96589,Right,
19.05305,Left,
19.25086,Right,
19.28402,Left,
19.51691,Right,
19.54639,Left,
19.73942,Right,
19.77522,Left,
19.99891,Right,
20.02705,Left,
20.24714,Right,
20.27881,Left,
20.50226,Right,
20.53082,Left,
20.73373,Right,
20.77039,Left,
21.00196,Right,
21.03411,Left,
21.56656,Right,
21.65122,Left,

time,foot
0.3767076,Right,
0.6549052,Left,
0.920242,Right,
1.085313,Left,
1.197164,Right,
1.262748,Left,
1.409413,Right,
1.480392,Left,
1.609433,Right,
1.683318,Left,
1.843638,Right,
1.884672,Left,
2.076389,Right,
2.168235,Left,
2.296844,Right,
2.347379,Left,
2.531456,Right,
2.614517,Left,
2.786506,Right,
2.844654,Left,
2.995951,Right,
3.115367,Left,
3.285304,Right,
3.376092,Left,
3.52557,Right,
3.578686,Left,
3.770045,Right,
3.841311,Left,
4.026829,Right,
4.067894,Left,
4.26113,Right,
4.324481,Left,
4.51778,Right,
4.574277,Left,
4.734391,Right,
4.814136,Left,
4.966873,Right,
5.053534,Left,
5.191232,Right,
5.284953,Left,
5.46757,Right,
5.502254,Left,
5.722966,Right,
5.763147,Left,
5.946822,Right,
5.980419,Left,
6.140744,Right,
6.238007,Left,
6.394234,Right,
6.469285,Left,
6.632025,Right,
6.673928,Left,
6.895,Right,
6.922623,Left,
7.128386,Right,
7.165979,Left,
7.359815,Right,
7.43056,Left,
7.627949,Right,
7.65412,Left,
7.870051,Right,
7.901611,Left,
8.085449,Right,
8.125545,Left,
8.326632,Right,
8.422169,Left,
8.592354,Right,
8.63414,Left,
8.854522,Right,
8.881751,Left,
9.123858,Right,
9.151704,Left,
9.383793,Left,
9.383793,Right,
9.607765,Right,
9.665896,Left,
9.868093,Right,
9.900882,Left,
10.11419,Right,
10.21394,Left,
10.35241,Right,
10.38392,Left,
10.59076,Right,
10.66976,Left,
10.84533,Right,
10.87266,Left,
11.07916,Right,
11.16144,Left,
11.34094,Right,
11.37442,Left,
11.58315,Right,
11.64652,Left,
11.82789,Right,
11.86239,Left,
12.10397,Right,
12.12798,Left,
12.34044,Right,
12.38189,Left,
12.57747,Right,
12.64323,Left,
12.83004,Right,
12.9195,Left,
13.10259,Right,
13.15834,Left,
13.33307,Right,
13.37467,Left,
13.60688,Right,
13.63382,Left,
13.83401,Right,
13.86898,Left,
14.04632,Right,
14.1317,Left,
14.31668,Right,
14.35245,Left,
14.60066,Right,
14.63525,Left,
14.84355,Right,
14.90615,Left,
15.10727,Right,
15.13546,Left,
15.35649,Right,
15.39077,Left,
15.63065,Right,
15.65847,Left,
15.87722,Left,
15.87722,Right,
16.03839,Right,
16.11246,Left,
16.26577,Right,
16.33854,Left,
16.49791,Right,
16.53411,Left,
16.71043,Right,
16.74711,Left,
16.94026,Right,
16.99577,Left,
18.02467,Right,
18.06426,Left,

time,foot
0.05329455,Left,
0.2285644,Right,
0.3537108,Left,
0.5335535,Right,
0.610908,Left,
0.7980053,Right,
0.8771776,Left,
1.09285,Right,
1.120954,Left,
1.277057,Right,
1.340512,Left,
1.520316,Right,
1.598656,Left,
1.779027,Right,
1.842507,Left,
1.998519,Right,
2.084667,Left,
2.266677,Right,
2.300121,Left,
2.476265,Right,
2.558323,Left,
2.691057,Right,
2.782501,Left,
2.992706,Right,
3.029765,Left,
3.191835,Right,
3.345009,Left,
3.500689,Right,
3.543033,Left,
3.732053,Right,
3.792366,Left,
3.978603,Right,
4.013345,Left,
4.233315,Right,
4.297092,Left,
4.494724,Right,
4.548417,Left,
4.771,Right,
4.802995,Left,
5.020465,Right,
5.079952,Left,
5.291921,Right,
5.331945,Left,
5.562327,Right,
5.658259,Left,
5.807083,Right,
5.834732,Left,
6.033081,Right,
6.071534,Left,
6.230334,Right,
6.28686,Left,
6.481405,Left,
6.51056,Right,
6.668881,Left,
6.761178,Right,
6.908447,Left,
7.011207,Right,
7.100096,Left,
7.246309,Right,
7.316821,Left,
7.475013,Right,
7.502423,Left,
7.69385,Right,
7.792462,Left,
7.989076,Left,
7.989076,Right,
8.224088,Right,
8.283057,Left,
8.485667,Right,
8.523351,Left,
8.690259,Right,
8.797008,Left,
8.986159,Right,
9.015877,Left,
9.234093,Right,
9.295474,Left,
9.490646,Right,
9.547736,Left,
9.74685,Right,
9.775718,Left,
9.978383,Right,
10.01672,Left,
10.23437,Right,
10.26443,Left,
10.45564,Right,
10.53411,Left,
10.72375,Right,
10.79521,Left,
10.99662,Right,
11.02438,Left,
11.21724,Right,
11.25379,Left,
11.49389,Right,
11.5516,Left,
11.76049,Right,
11.80896,Left,
11.97852,Right,
12.0463,Left,
12.25124,Right,
12.28904,Left,
12.51974,Right,
12.55284,Left,
12.74774,Right,
12.7769,Left,
12.97097,Right,
13.0071,Left,
13.22447,Right,
13.25089,Left,
13.45051,Right,
13.55036,Left,
13.77257,Left,
13.77257,Right,
13.93489,Right,
14.06414,Left,
14.22927,Right,
14.26435,Left,
14.44999,Right,
14.54042,Left,
14.7697,Right,
14.83671,Left,
14.94265,Right,
15.04908,Left,
15.24787,Right,
15.28779,Left,
15.52094,Right,
15.55155,Left,
15.75888,Right,
15.84448,Left,
16.04662,Right,
16.07501,Left,
16.29097,Right,
16.33413,Left,
16.57263,Left,
16.57263,Right,
16.84669,Left,
16.87948,Right,
18.1537,Right,
18.23603,Left,

time,foot
6.307464,Left,
6.49918,Right,
6.573968,Left,
6.710089,Right,
6.788404,Left,
6.898963,Right,
6.975753,Left,
7.096214,Right,
7.207218,Left,
7.307368,Right,
7.367496,Left,
7.500476,Right,
7.558027,Left,
7.663429,Right,
7.718788,Left,
7.817772,Right,
7.876588,Left,
7.998337,Right,
8.021312,Left,
8.157327,Right,
8.216011,Left,
8.324557,Right,
8.352861,Left,
8.512094,Right,
8.634145,Left,
8.734726,Right,
9.142512,Left,
9.221031,Right,
9.290076,Left,
9.374585,Right,
9.424195,Left,
9.498059,Right,
9.638408,Left,
9.638408,Right,
9.754353,Left,
9.79563,Right,
9.864609,Left,
9.934796,Right,
9.99074,Left,
10.04959,Right,
10.09219,Left,
10.18959,Right,
10.21455,Left,
10.31647,Right,
10.37038,Left,
10.50335,Right,
10.55711,Left,
10.60052,Right,
10.67162,Left,
10.76638,Left,
10.76638,Right,
10.89409,Left,
10.91445,Right,
11.00346,Left,
11.0519,Right,
11.1349,Left,
11.18722,Right,
11.23014,Left,
11.32339,Right,
11.34619,Left,
11.45252,Left,
11.48555,Right,
11.55901,Left,
11.61819,Right,
11.67662,Left,
11.872,Right,
11.90967,Left,
12.01264,Left,
12.0312,Right,
12.12863,Left,
12.16486,Right,
12.23545,Left,
12.32115,Left,
12.32115,Right,
12.46416,Left,
12.46416,Right,
12.59997,Left,
12.63786,Right,
12.77679,Right,
12.82289,Left,
12.94788,Right,
12.96865,Left,
13.11572,Left,
13.13506,Right,
13.21719,Left,
13.26236,Right,
13.38375,Left,
13.49661,Right,
13.51725,Left,
13.55125,Right,
13.62435,Left,
13.74316,Right,
13.89368,Right,
13.95765,Left,
14.06842,Right,
14.10806,Left,
14.20891,Right,
14.28307,Left,
14.39662,Right,
14.44833,Left,
14.53609,Right,
14.57953,Left,
14.73017,Right,
14.76844,Left,
14.88727,Right,
14.95723,Left,
15.04989,Right,
15.13439,Left,
15.27783,Right,
15.3189,Left,
15.47073,Right,
15.49496,Left,
15.61021,Right,
15.7027,Left,
15.8124,Right,
15.88935,Left,
16.01222,Right,
16.04522,Left,
16.16388,Right,
16.25303,Left,
16.36181,Right,
16.40542,Left,
16.57843,Right,
16.61962,Left,
16.76949,Right,
16.78868,Left,
16.94001,Right,
17.0205,Left,
17.15763,Right,
17.19236,Left,
17.3453,Right,
17.43007,Left,
17.55067,Right,
17.62757,Left,
17.75034,Right,
17.84449,Left,
17.96803,Right,
18.0393,Left,
18.17584,Right,
18.21104,Left,

time,foot
0.08815625,Right,
0.1635445,Left,
0.3263073,Right,
0.3694352,Left,
0.5421925,Right,
0.5863364,Left,
0.7480711,Right,
0.8319882,Left,
0.9742399,Right,
1.050057,Left,
1.205948,Right,
1.256313,Left,
1.431414,Right,
1.483313,Left,
1.640851,Right,
1.697183,Left,
1.881279,Right,
1.914085,Left,
2.085971,Right,
2.168403,Left,
2.313606,Right,
2.393793,Left,
2.532835,Right,
2.587093,Left,
2.724734,Right,
2.786176,Left,
2.892037,Right,
2.954056,Left,
3.09376,Right,
3.143738,Left,
3.279774,Right,
3.34685,Left,
3.467282,Right,
3.516526,Left,
3.646953,Right,
3.689142,Left,
3.825899,Right,
3.879934,Left,
4.020701,Right,
4.083354,Left,
4.220417,Right,
4.289774,Left,
4.436721,Right,
4.496911,Left,
4.597849,Right,
4.697817,Left,
4.839368,Right,
4.887776,Left,
5.022904,Right,
5.082968,Left,
5.218718,Right,
5.300222,Left,
5.46229,Right,
5.503921,Left,
5.656229,Right,
5.722116,Left,
5.853317,Right,
5.925629,Left,
6.054896,Right,
6.132703,Left,
6.244948,Right,
6.346747,Left,
6.481024,Right,
6.539086,Left,
6.678998,Right,
6.713391,Left,
6.856579,Right,
6.959658,Left,
7.098215,Right,
7.139534,Left,
7.30381,Right,
7.328946,Left,
7.513464,Right,
7.546824,Left,
7.708919,Right,
7.785866,Left,
7.921876,Right,
7.99286,Left,
8.133089,Right,
8.212909,Left,
8.370497,Right,
8.413394,Left,
8.563138,Right,
8.592468,Left,
8.747171,Right,
8.853041,Left,
8.995154,Right,
9.067389,Left,
9.187565,Right,
9.263882,Left,
9.388241,Right,
9.48047,Left,
9.631429,Right,
9.682775,Left,
9.830677,Right,
9.899646,Left,
10.02821,Right,
10.14439,Left,
10.28348,Right,
10.3633,Left,
10.50557,Right,
10.56558,Left,
10.6928,Right,
10.79543,Left,
10.94818,Right,
10.9927,Left,
11.13379,Right,
11.21688,Left,
11.44529,Right,
11.46875,Left,
11.56256,Right,
11.66132,Left,
11.82187,Right,
11.9017,Left,
12.02577,Right,
12.13328,Left,
12.27072,Right,
12.34962,Left,
12.49621,Right,
12.56694,Left,
12.68539,Right,
12.79866,Left,
12.89262,Right,
13.00369,Left,
13.16114,Right,
13.22065,Left,
13.34594,Right,
13.44907,Left,
13.57046,Right,
13.71066,Left,
13.80285,Right,
13.85042,Left,
14.00354,Right,
14.07789,Left,
14.21187,Right,
14.30134,Left,
14.46184,Right,
14.50475,Left,
14.67945,Right,
14.7086,Left,
14.89891,Right,
14.92666,Left,

time,foot
0.05782831,Left,
0.1999071,Right,
0.2749892,Left,
0.3603063,Right,
0.4389408,Left,
0.5553579,Right,
0.621196,Left,
0.7307379,Right,
0.7844515,Left,
0.9152067,Right,
0.9964447,Left,
1.102281,Right,
1.182273,Left,
1.307345,Right,
1.38597,Left,
1.500051,Right,
1.580504,Left,
1.688824,Right,
1.73903,Left,
1.8751,Right,
1.927713,Left,
2.117942,Left,
2.254854,Right,
2.283668,Left,
2.44662,Right,
2.50702,Left,
2.609748,Right,
2.703346,Left,
2.819917,Right,
2.897928,Left,
3.035959,Right,
3.113897,Left,
3.188731,Right,
3.304064,Left,
3.399254,Right,
3.485658,Left,
3.590105,Right,
3.691048,Left,
3.809402,Right,
3.880352,Left,
4.004783,Right,
4.06129,Left,
4.192393,Right,
4.239384,Left,
4.416983,Right,
4.471136,Left,
4.58888,Right,
4.688264,Left,
4.797249,Right,
4.874206,Left,
5.017053,Right,
5.071136,Left,
5.201881,Right,
5.306304,Left,
5.433008,Right,
5.530137,Left,
5.676295,Right,
5.702466,Left,
5.851179,Right,
5.947949,Left,
6.072595,Right,
6.172518,Left,
6.327513,Right,
6.349132,Left,
6.527909,Right,
6.596792,Left,
6.716601,Right,
6.801574,Left,
6.97955,Right,
7.058193,Left,
7.16452,Right,
7.272209,Left,
7.41352,Right,
7.501166,Left,
7.634287,Right,
7.739095,Left,
7.869616,Right,
7.95098,Left,
8.104883,Right,
8.190415,Left,
8.343738,Right,
8.422314,Left,
8.576604,Right,
8.658665,Left,
8.76365,Right,
8.886915,Left,
9.014493,Right,
9.121036,Left,
9.242253,Right,
9.349854,Left,
9.471162,Right,
9.567655,Left,
9.686434,Right,
9.805029,Left,
9.912822,Right,
10.00359,Left,
10.12838,Right,
10.21844,Left,
10.38984,Right,
10.45455,Left,
10.60566,Right,
10.68871,Left,
10.84087,Right,
10.91228,Left,
11.07919,Right,
11.15205,Left,
11.28578,Right,
11.39654,Left,
11.51059,Right,
11.61214,Left,
11.71634,Right,
11.8357,Left,
11.97069,Right,
12.05681,Left,
12.21448,Right,
12.30408,Left,
12.43205,Right,
12.54699,Left,
12.68171,Right,
12.71527,Left,
12.88458,Right,
12.97893,Left,
13.11208,Right,
13.20406,Left,
13.34424,Right,
13.47237,Left,
13.57857,Right,
13.65913,Left,
13.79747,Right,
13.93071,Left,
14.04305,Right,
14.16051,Left,
14.25198,Right,
14.38401,Left,
14.49674,Right,
14.60919,Left,
14.76177,Right,
14.84507,Left,
14.98144,Right,
15.08811,Left,
15.26905,Left,
15.29393,Right,
15.42704,Left,

time,foot
0.1015096,Right,
0.191148,Left,
0.3403952,Right,
0.3811565,Left,
0.5103024,Right,
0.5923227,Left,
0.7167633,Right,
0.7755231,Left,
0.8850309,Right,
0.9639125,Left,
1.082332,Right,
1.153211,Left,
1.273859,Right,
1.322909,Left,
1.473206,Right,
1.548347,Left,
1.685334,Right,
1.736631,Left,
1.837565,Right,
1.925878,Left,
2.059453,Right,
2.144548,Left,
2.239359,Right,
2.330011,Left,
2.448904,Right,
2.499628,Left,
2.612975,Right,
2.692445,Left,
2.824124,Right,
2.902071,Left,
2.987402,Right,
3.091982,Left,
3.217508,Right,
3.288695,Left,
3.407177,Right,
3.470825,Left,
3.613227,Right,
3.687385,Left,
3.792794,Right,
4.016138,Right,
4.092787,Left,
4.201119,Right,
4.295948,Left,
4.411058,Right,
4.499938,Left,
4.608134,Right,
4.708929,Left,
4.820423,Right,
4.914524,Left,
5.058739,Right,
5.109729,Left,
5.264811,Right,
5.352488,Left,
5.4888,Right,
5.565116,Left,
5.717692,Right,
5.787514,Left,
5.950748,Right,
6.028571,Left,
6.21772,Left,
6.21772,Right,
6.379278,Right,
6.482075,Left,
6.625016,Right,
6.705035,Left,
6.831029,Right,
6.904846,Left,
7.065214,Right,
7.147896,Left,
7.234415,Left,
7.234415,Right,
9.512938,Right,
9.543636,Left,
9.70061,Right,
9.776535,Left,
9.923641,Right,
10.01954,Left,
10.12259,Right,
10.23572,Left,
10.3412,Right,
10.45788,Left,
10.61177,Right,
10.66059,Left,
10.82762,Right,
10.86074,Left,
11.03053,Right,
11.11661,Left,
11.27448,Right,
11.36113,Left,
11.50739,Right,
11.58738,Left,
11.70083,Right,
11.82648,Left,
11.98718,Right,
12.04111,Left,
12.20671,Right,
12.28218,Left,
12.42678,Right,
12.50856,Left,
12.67239,Right,
12.7954,Left,
12.935,Right,
13.01132,Left,
13.18847,Right,
13.24541,Left,
13.42744,Right,
13.51254,Left,
13.68088,Right,
13.74489,Left,
13.9158,Right,
13.99148,Left,
14.13137,Right,
14.22703,Left,
14.38577,Right,
14.47023,Left,
14.61403,Right,
14.70221,Left,
14.84774,Right,
14.93012,Left,
15.08165,Right,
15.16641,Left,
15.39959,Left,
15.39959,Right,
15.55839,Right,
15.66896,Left,
15.80066,Right,
15.92043,Left,
16.06016,Right,
16.12663,Left,
16.30005,Right,
16.32446,Left,
16.53535,Right,
16.59653,Left,
16.7659,Right,
16.82202,Left,
16.99445,Right,
17.0844,Left,
17.24515,Right,
17.29008,Left,
17.46431,Right,
17.52884,Left,

time,foot
0.1471601,Right,
0.2185279,Left,
0.3990102,Right,
0.4326732,Left,
0.6158688,Right,
0.7381681,Left,
0.8289052,Right,
0.8932255,Left,
1.046577,Right,
1.117908,Left,
1.286889,Right,
1.367144,Left,
1.544351,Right,
1.616375,Left,
1.770531,Right,
1.819683,Left,
1.999799,Right,
2.056564,Left,
2.242896,Right,
2.297195,Left,
2.463295,Right,
2.529003,Left,
2.694484,Right,
2.789358,Left,
2.932233,Right,
3.040845,Left,
3.194106,Right,
3.256641,Left,
3.424565,Right,
3.484646,Left,
3.668533,Right,
3.74303,Left,
3.94859,Right,
3.972198,Left,
4.135836,Right,
4.245767,Left,
4.407578,Right,
4.475604,Left,
4.64464,Right,
4.70963,Left,
4.875152,Right,
4.946378,Left,
5.111893,Right,
5.186283,Left,
5.332506,Right,
5.414139,Left,
5.564777,Right,
5.656164,Left,
5.816137,Right,
5.878257,Left,
6.037108,Right,
6.109476,Left,
6.289032,Right,
6.332085,Left,
6.490774,Right,
6.575999,Left,
6.715831,Right,
6.823572,Left,
6.974599,Right,
7.053696,Left,
7.22857,Right,
7.334796,Left,
7.461751,Right,
7.599813,Left,
7.705241,Right,
7.744007,Left,
7.90697,Right,
8.025243,Left,
8.162425,Right,
8.258703,Left,
8.432254,Right,
8.499956,Left,
8.654675,Right,
8.733304,Left,
8.894209,Right,
8.986774,Left,
9.132981,Right,
9.204477,Left,
9.319358,Right,
9.457841,Left,
9.588746,Right,
9.676439,Left,
9.899464,Left,
9.899464,Right,
10.08248,Right,
10.12403,Left,
10.29401,Right,
10.36143,Left,
10.55258,Right,
10.62862,Left,
10.79628,Right,
10.87307,Left,
11.04074,Right,
11.11713,Left,
11.27488,Right,
11.34794,Left,
11.51019,Right,
11.57222,Left,
11.75022,Right,
11.8182,Left,
11.9354,Right,
12.04967,Left,
12.20431,Right,
12.27926,Left,
12.46391,Right,
12.5236,Left,
12.69294,Right,
12.74452,Left,
12.88365,Right,
12.99684,Left,
13.14385,Right,
13.23262,Left,
13.40591,Right,
13.47806,Left,
13.60367,Right,
13.7235,Left,
13.89368,Right,
13.97609,Left,
14.15604,Right,
14.22039,Left,
14.36801,Right,
14.47457,Left,
14.62485,Right,
14.71322,Left,
14.90492,Right,
14.94182,Left,
15.10521,Right,
15.18974,Left,
15.37042,Right,
15.4432,Left,
15.57868,Right,
15.69878,Left,
15.88017,Right,
15.95985,Left,
16.12977,Right,
16.19679,Left,
16.35989,Right,
16.4243,Left,
16.5837,Right,
16.759,Left,
16.84884,Right,
16.96335,Left,

time,foot
0.4119426,Right,
0.5394108,Left,
0.6939397,Right,
0.7847977,Left,
0.9404511,Right,
1.012205,Left,
1.188966,Right,
1.220441,Left,
1.387415,Right,
1.446292,Left,
1.636375,Right,
1.661074,Left,
1.866323,Right,
1.90041,Left,
2.078345,Right,
2.163766,Left,
2.309191,Right,
2.36513,Left,
2.521915,Right,
2.649606,Left,
2.746966,Right,
2.8046,Left,
2.956222,Right,
3.022431,Left,
3.17077,Right,
3.228482,Left,
3.408036,Right,
3.462503,Left,
3.655123,Right,
3.714486,Left,
3.912323,Left,
3.912323,Right,
4.113415,Right,
4.16693,Left,
4.337452,Right,
4.393592,Left,
4.562716,Right,
4.624572,Left,
4.78892,Right,
4.842807,Left,
5.010345,Right,
5.067713,Left,
5.243069,Right,
5.291503,Left,
5.453891,Right,
5.506966,Left,
5.689648,Right,
5.723154,Left,
5.893671,Right,
5.976203,Left,
6.132362,Right,
6.155894,Left,
6.348926,Right,
6.432545,Left,
6.597997,Right,
6.649465,Left,
6.809987,Right,
6.87369,Left,
7.062826,Right,
7.114666,Left,
7.296408,Right,
7.360459,Left,
7.524924,Right,
7.601722,Left,
7.773825,Right,
7.835909,Left,
7.993053,Right,
8.047344,Left,
8.24129,Right,
8.265963,Left,
8.454112,Right,
8.484318,Left,
8.680699,Right,
8.736168,Left,
8.936109,Right,
8.964641,Left,
9.118492,Right,
9.21235,Left,
9.401585,Right,
9.527744,Left,
9.62541,Right,
9.719855,Left,
9.893936,Right,
9.934261,Left,
10.08677,Right,
10.16091,Left,
10.35674,Right,
10.38344,Left,
10.57463,Right,
10.62932,Left,
10.81301,Right,
10.87763,Left,
11.06627,Right,
11.09121,Left,
11.28258,Right,
11.33178,Left,
11.53909,Right,
11.56458,Left,
11.8024,Right,
11.82382,Left,
12.00495,Right,
12.03727,Left,
12.23145,Right,
12.28568,Left,
12.49291,Right,
12.54912,Left,
12.72606,Right,
12.80553,Left,
12.95032,Right,
13.01161,Left,
13.20401,Right,
13.25819,Left,
13.45794,Right,
13.48786,Left,
13.6411,Right,
13.74329,Left,
13.94377,Right,
13.98531,Left,
14.14582,Right,
14.22187,Left,
14.39922,Right,
14.42417,Left,
14.65761,Right,
14.69189,Left,
14.88647,Right,
14.94805,Left,
15.11361,Right,
15.15595,Left,
15.37482,Right,
15.40172,Left,
15.59298,Right,
15.68355,Left,
15.85923,Right,
15.94996,Left,
16.09459,Right,
16.12814,Left,
16.40007,Left,
16.40007,Right,
16.57482,Right,
16.62773,Left,
16.78082,Right,
16.85187,Left,

time,foot
0.1078887,Right,
0.1582263,Left,
0.3326828,Right,
0.3954462,Left,
0.5705831,Right,
0.5922564,Left,
0.7690373,Right,
0.8292576,Left,
1.007371,Right,
1.053431,Left,
1.230005,Right,
1.277164,Left,
1.438135,Right,
1.482427,Left,
1.658803,Right,
1.714261,Left,
1.87364,Right,
1.913079,Left,
2.075325,Right,
2.139862,Left,
2.29768,Right,
2.340632,Left,
2.515167,Right,
2.608545,Left,
2.734052,Right,
2.77886,Left,
2.944782,Right,
2.999002,Left,
3.175754,Right,
3.206648,Left,
3.377101,Right,
3.43652,Left,
3.619737,Right,
3.647672,Left,
3.811235,Right,
3.930103,Left,
4.085486,Right,
4.140164,Left,
4.288735,Right,
4.356462,Left,
4.502896,Right,
4.585997,Left,
4.761596,Right,
4.778163,Left,
4.979099,Right,
5.044233,Left,
5.225329,Right,
5.290381,Left,
5.451399,Right,
5.524242,Left,
5.725197,Right,
5.741967,Left,
5.928577,Right,
5.965181,Left,
6.146511,Right,
6.20854,Left,
6.359874,Right,
6.439419,Left,
6.591951,Right,
6.663311,Left,
6.833772,Right,
6.887509,Left,
7.075704,Right,
7.196185,Left,
7.282079,Right,
7.35459,Left,
7.511026,Right,
7.542729,Left,
7.750912,Right,
7.816212,Left,
7.990858,Right,
8.015459,Left,
8.159828,Right,
8.255004,Left,
8.441209,Right,
8.493608,Left,
8.63576,Right,
8.733871,Left,
8.860112,Right,
8.956324,Left,
9.114762,Right,
9.171922,Left,
9.391687,Right,
9.477713,Left,
9.552634,Right,
9.633788,Left,
9.822626,Right,
9.849418,Left,
10.05604,Right,
10.14254,Left,
10.30555,Right,
10.37918,Left,
10.52439,Right,
10.61735,Left,
10.7804,Right,
10.86366,Left,
10.99607,Right,
11.09521,Left,
11.24371,Right,
11.34519,Left,
11.51031,Right,
11.57291,Left,
11.75016,Right,
11.78758,Left,
11.94578,Right,
12.0321,Left,
12.18004,Right,
12.23168,Left,
12.38263,Right,
12.47186,Left,
12.61055,Right,
12.70333,Left,
12.83915,Right,
12.92041,Left,
13.07619,Right,
13.17635,Left,
13.34574,Right,
13.37452,Left,
13.54726,Right,
13.60623,Left,
13.79351,Right,
13.86608,Left,
14.0478,Right,
14.10477,Left,
14.20919,Right,
14.31396,Left,
14.47166,Right,
14.55578,Left,
14.70973,Right,
14.75744,Left,
14.94771,Right,
15.03645,Left,
15.1736,Right,
15.28827,Left,
15.4459,Right,
15.52466,Left,
15.69062,Right,
15.79273,Left,
15.97337,Right,
16.00947,Left,
16.22086,Right,
16.24215,Left,

time,foot
0.04480746,Right,
0.0697154,Left,
0.191976,Right,
0.2562239,Left,
0.384749,Right,
0.4621332,Left,
0.5769014,Right,
0.6426609,Left,
0.7893045,Right,
0.8572093,Left,
0.9903644,Right,
1.082,Left,
1.189458,Right,
1.290287,Left,
1.416066,Right,
1.480636,Left,
1.612706,Right,
1.672821,Left,
1.815218,Right,
1.886045,Left,
2.016689,Right,
2.119541,Left,
2.351067,Right,
2.381531,Left,
2.490321,Right,
2.598969,Left,
2.707156,Right,
2.817593,Left,
2.952681,Right,
3.026393,Left,
3.140298,Right,
3.237952,Left,
3.361212,Right,
3.425074,Left,
3.594547,Right,
3.757154,Left,
3.822912,Right,
3.964293,Left,
4.05814,Right,
4.129371,Left,
4.269258,Right,
4.337851,Left,
4.464291,Right,
4.535424,Left,
4.697742,Right,
4.741038,Left,
4.935581,Left,
4.935581,Right,
5.123858,Left,
5.235383,Right,
5.347884,Left,
5.444549,Right,
5.556808,Left,
5.693691,Right,
5.750938,Left,
5.905837,Right,
5.931126,Left,
6.146944,Right,
6.18874,Left,
6.363814,Right,
6.465016,Left,
6.581833,Right,
6.674472,Left,
6.906123,Left,
6.906123,Right,
7.03991,Right,
7.142763,Left,
7.30993,Right,
7.399494,Left,
7.5376,Right,
7.641186,Left,
7.742683,Right,
7.846834,Left,
7.992503,Right,
8.090232,Left,
8.221043,Right,
8.336656,Left,
8.497559,Right,
8.572841,Left,
8.739593,Right,
8.818489,Left,
8.979755,Right,
9.048716,Left,
9.235152,Right,
9.316195,Left,
9.483214,Right,
9.520817,Left,
9.732342,Right,
9.796244,Left,
9.984779,Right,
10.05601,Left,
10.24141,Right,
10.32086,Left,
10.50366,Right,
10.58366,Left,
10.74498,Right,
10.83266,Left,
11.01777,Right,
11.06449,Left,
11.245,Right,
11.32419,Left,
11.51525,Right,
11.59824,Left,
11.77132,Right,
11.84889,Left,
12.01366,Right,
12.06721,Left,
12.24442,Right,
12.32775,Left,
12.51415,Right,
12.56111,Left,
12.76411,Right,
12.82374,Left,
12.98351,Right,
13.03676,Left,
13.21456,Right,
13.26177,Left,
13.44466,Right,
13.68296,Right,
13.79537,Left,
13.92793,Right,
13.96999,Left,
14.14707,Right,
14.17184,Left,
14.36329,Right,
14.46683,Left,
14.61181,Right,
14.68961,Left,
14.81962,Right,
14.93163,Left,
15.09814,Right,
15.14283,Left,
15.34735,Right,
15.3958,Left,
15.57743,Right,
15.62257,Left,
15.78144,Right,
15.90528,Left,
16.08601,Right,
16.10897,Left,
16.26794,Right,
16.33527,Left,
16.4652,Right,

time,foot
0.2129191,Right,
0.3007905,Left,
0.4920789,Right,
0.5778903,Left,
0.7371607,Right,
0.7787166,Left,
0.9653308,Right,
0.9952032,Left,
1.210979,Right,
1.230146,Left,
1.381338,Right,
1.448992,Left,
1.612828,Right,
1.660548,Left,
1.845377,Right,
1.885347,Left,
2.099993,Right,
2.140631,Left,
2.321779,Right,
2.38711,Left,
2.558854,Right,
2.6212,Left,
2.778589,Right,
2.844028,Left,
2.980335,Right,
3.060794,Left,
3.219125,Right,
3.257807,Left,
3.446592,Right,
3.485419,Left,
3.680141,Right,
3.710078,Left,
3.935586,Right,
3.957335,Left,
4.124483,Right,
4.191319,Left,
4.314578,Right,
4.411496,Left,
4.542847,Right,
4.633576,Left,
4.786918,Right,
4.847185,Left,
5.001031,Right,
5.06976,Left,
5.221676,Right,
5.289432,Left,
5.435752,Right,
5.502318,Left,
5.644818,Right,
5.758938,Left,
5.91084,Right,
5.978712,Left,
6.130297,Right,
6.19957,Left,
6.324975,Right,
6.411223,Left,
6.568707,Right,
6.628679,Left,
6.808972,Right,
6.825624,Left,
7.048017,Left,
7.048017,Right,
7.189912,Right,
7.262711,Left,
7.4376,Right,
7.495239,Left,
7.629002,Right,
7.697676,Left,
7.856943,Right,
7.922121,Left,
8.073761,Right,
8.174059,Left,
8.313065,Right,
8.402082,Left,
8.545151,Right,
8.618495,Left,
8.814332,Right,
8.854315,Left,
9.041818,Right,
9.066525,Left,
9.342014,Left,
9.342014,Right,
9.509265,Right,
9.576342,Left,
9.728266,Right,
9.775145,Left,
9.970173,Right,
10.03299,Left,
10.19299,Right,
10.2623,Left,
10.41528,Right,
10.48244,Left,
10.64547,Right,
10.71595,Left,
10.85793,Right,
10.94222,Left,
11.10868,Right,
11.17692,Left,
11.33857,Right,
11.39893,Left,
11.62665,Left,
11.62665,Right,
11.78872,Right,
11.81526,Left,
12.02291,Right,
12.07899,Left,
12.24197,Right,
12.26966,Left,
12.44733,Right,
12.51722,Left,
12.67955,Right,
12.71653,Left,
12.85496,Right,
12.87716,Left,
26.98369,Left,
27.12893,Right,
27.24093,Left,
27.33257,Right,
27.41154,Left,
27.53776,Right,
27.64557,Left,
27.71878,Right,
27.75893,Left,
27.95087,Right,
27.97549,Left,
28.13154,Right,
28.19188,Left,
28.34494,Right,
28.40308,Left,
28.55098,Right,
28.59429,Left,
28.75365,Right,
28.80602,Left,
28.95911,Right,
28.98546,Left,

time,foot
0.01656796,Right,
0.08620381,Left,
0.2501039,Right,
0.2746865,Left,
0.4821283,Right,
0.5156015,Left,
0.7055189,Right,
0.7921005,Left,
0.9068038,Right,
0.9356642,Left,
1.094978,Right,
1.120098,Left,
1.293014,Right,
1.325579,Left,
1.515825,Left,
1.680159,Right,
1.74239,Left,
1.882623,Right,
1.942178,Left,
2.076474,Right,
2.107485,Left,
2.212367,Right,
2.268737,Left,
2.430171,Right,
2.497346,Left,
2.60644,Right,
2.674893,Left,
2.806606,Right,
2.866936,Left,
3.079784,Left,
3.167833,Right,
3.241229,Left,
3.378394,Right,
3.453259,Left,
3.585747,Right,
3.655152,Left,
3.781958,Right,
3.851034,Left,
4.004508,Right,
4.06201,Left,
4.225895,Right,
4.289581,Left,
4.40747,Right,
4.46903,Left,
4.646272,Right,
4.697504,Left,
4.852166,Right,
4.89853,Left,
5.060682,Right,
5.123691,Left,
5.373383,Left,
5.373383,Right,
5.485777,Right,
5.524134,Left,
5.706306,Right,
5.774327,Left,
5.906929,Right,
5.988874,Left,
6.139849,Right,
6.1989,Left,
6.351674,Right,
6.415218,Left,
6.573442,Right,
6.627027,Left,
6.777617,Right,
6.832421,Left,
6.98761,Right,
7.051061,Left,
7.228153,Right,
7.282803,Left,
7.42251,Right,
7.477519,Left,
7.667199,Right,
7.711415,Left,
7.866943,Right,
7.893236,Left,
8.074352,Right,
8.131876,Left,
8.292158,Right,
8.323286,Left,
8.512189,Right,
8.565722,Left,
8.714699,Right,
8.771791,Left,
8.947246,Right,
8.975296,Left,
9.166323,Right,
9.196448,Left,
9.396562,Right,
9.456326,Left,
9.596534,Right,
9.662231,Left,
9.798036,Right,
9.938417,Left,
10.03282,Right,
10.08654,Left,
10.24856,Right,
10.29754,Left,
10.45848,Right,
10.51887,Left,
10.67907,Right,
10.7297,Left,
10.90848,Right,
10.96622,Left,
11.12722,Right,
11.16026,Left,
11.34842,Right,
11.39951,Left,
11.59092,Right,
11.65462,Left,
11.7936,Right,
11.85917,Left,
12.0053,Right,
12.08496,Left,
12.24088,Right,
12.30917,Left,
12.46984,Right,
12.53321,Left,
12.69718,Right,
12.76047,Left,
12.92459,Right,
12.95591,Left,
13.16351,Right,
13.19308,Left,
13.36016,Right,
13.44956,Left,
13.58045,Right,
13.66608,Left,
13.79197,Right,
13.87322,Left,
14.04073,Right,
14.10265,Left,
14.26548,Right,
14.32997,Left,
14.51217,Right,
14.53719,Left,
14.72119,Right,
14.78842,Left,
14.92953,Right,
14.98957,Left,
15.15501,Right,
15.22955,Left,
15.37438,Right,
15.4292,Left,

time,foot
0.03945902,Right,
0.1461886,Left,
0.2269413,Right,
0.2855473,Left,
0.4429781,Right,
0.4787074,Left,
0.5900778,Right,
0.6265373,Left,
0.8109187,Left,
0.8109187,Right,
0.9575157,Left,
1.029742,Right,
1.107564,Left,
1.220098,Right,
1.315288,Left,
1.406142,Right,
1.497385,Left,
1.625412,Right,
1.683023,Left,
1.821252,Right,
1.895255,Left,
2.025714,Right,
2.092485,Left,
2.210926,Right,
2.282923,Left,
2.38079,Right,
2.459024,Left,
2.572236,Right,
2.627908,Left,
2.776027,Right,
2.868028,Left,
2.987566,Right,
3.079618,Left,
3.20491,Right,
3.264129,Left,
3.380186,Right,
3.441501,Left,
3.571731,Right,
3.632091,Left,
3.754495,Right,
3.824415,Left,
3.932462,Right,
3.974544,Left,
4.085521,Right,
4.163031,Left,
4.315288,Right,
4.401263,Left,
4.493164,Right,
4.525771,Left,
4.650539,Left,
4.650539,Right,
5.056613,Left,
5.119478,Right,
5.15097,Left,
5.249287,Left,
5.249287,Right,
5.450929,Left,
5.479642,Right,
5.576865,Left,
5.609894,Right,
5.67668,Left,
5.771307,Right,
5.79999,Left,
5.865578,Right,
5.923281,Left,
5.982732,Right,
6.042097,Left,
6.131046,Left,
6.131046,Right,
6.264878,Left,
6.264878,Right,
6.371878,Left,
6.4078,Right,
6.504847,Left,
6.54395,Right,
6.662546,Right,
6.807289,Right,
6.837984,Left,
6.93732,Left,
6.964678,Right,
7.03006,Left,
7.085418,Right,
7.149804,Left,
7.205172,Right,
7.260844,Left,
7.295964,Right,
7.355469,Left,
7.467442,Left,
7.467442,Right,
7.576629,Left,
7.677689,Left,
7.748815,Right,
7.80782,Left,
7.875121,Right,
7.909814,Left,
8.010814,Right,
8.043382,Left,
8.137278,Right,
8.168581,Left,
8.271511,Left,
8.295527,Right,
8.389608,Left,
8.442965,Right,
8.507438,Left,
8.57047,Right,
8.63217,Left,
8.722245,Right,
8.748981,Left,
8.867001,Right,
8.894837,Left,
9.011092,Left,
9.011092,Right,
9.107254,Left,
9.165826,Right,
9.281412,Left,
9.307761,Right,
9.377705,Left,
9.46792,Right,
9.499688,Left,
9.608535,Right,
9.767123,Left,
9.767123,Right,
9.945931,Right,
9.974217,Left,
10.06029,Right,
10.12239,Left,
10.22576,Right,
10.34926,Left,
10.38735,Right,
10.49799,Left,
10.53858,Right,
10.61705,Left,
10.72797,Left,
10.72797,Right,
10.87064,Right,
10.92328,Left,
11.02549,Right,
11.0525,Left,
11.15563,Left,
11.18751,Right,
11.33442,Left,
11.33442,Right,
11.50469,Left,
11.53077,Right,
11.65121,Left,
11.67752,Right,

time,foot
0.04030524,Right,
0.1143277,Left,
0.2610176,Right,
0.311433,Left,
0.4267372,Left,
0.4738825,Right,
0.6228568,Left,
0.6763602,Right,
0.8232,Left,
0.8784595,Right,
0.9908854,Left,
1.097212,Right,
1.156115,Left,
1.30774,Right,
1.338549,Left,
1.493761,Right,
1.521767,Left,
1.672761,Right,
1.700283,Left,
1.882228,Left,
1.882228,Right,
2.065812,Left,
2.093882,Right,
2.281791,Left,
2.341356,Right,
2.467226,Left,
2.574129,Right,
2.693464,Left,
2.775326,Right,
2.894355,Left,
3.065099,Right,
3.09275,Left,
3.220307,Right,
3.28022,Left,
3.405621,Right,
3.496908,Left,
3.637499,Right,
3.695715,Left,
3.815134,Right,
3.899398,Left,
4.040261,Right,
4.090079,Left,
4.265144,Left,
4.265144,Right,
4.454841,Left,
4.564718,Right,
4.669116,Left,
4.786027,Right,
4.87363,Left,
5.019566,Right,
5.075852,Left,
5.229939,Right,
5.340648,Left,
5.430265,Right,
5.541003,Left,
5.656102,Right,
5.763814,Left,
5.878137,Right,
5.987323,Left,
6.096171,Right,
6.233972,Left,
6.347346,Right,
6.454405,Left,
6.564587,Right,
6.707758,Left,
6.801741,Right,
6.913829,Left,
7.029695,Right,
7.157095,Left,
7.266387,Right,
7.388803,Left,
7.484886,Right,
7.642871,Left,
7.708591,Right,
7.82662,Left,
7.936831,Right,
8.008715,Left,
8.163493,Right,
8.253408,Left,
8.39311,Right,
8.486663,Left,
8.631769,Right,
8.712445,Left,
8.863464,Right,
8.957487,Left,
9.08577,Right,
9.164721,Left,
9.295433,Right,
9.377383,Left,
9.52092,Right,
9.610866,Left,
9.740965,Right,
9.813856,Left,
9.957908,Right,
10.04723,Left,
10.18753,Right,
10.30226,Left,
10.43115,Right,
10.52874,Left,
10.65428,Right,
10.75215,Left,
10.87773,Right,
10.98582,Left,
11.12591,Right,
11.24302,Left,
11.34623,Right,
11.49079,Left,
11.59279,Right,
11.72767,Left,
11.86258,Right,
11.98906,Left,
12.10395,Right,
12.22098,Left,
12.34771,Right,
12.49543,Left,
12.62415,Right,
12.74908,Left,
12.87778,Right,
12.99904,Left,
13.15452,Right,
13.25542,Left,
13.39419,Right,
13.52139,Left,
13.65217,Right,
13.76853,Left,
13.90325,Right,
14.03617,Left,
14.12967,Right,
14.26789,Left,
14.41148,Right,
14.54012,Left,
14.63075,Right,
14.77497,Left,
14.88806,Right,
15.00498,Left,
15.12027,Right,
15.25975,Left,
15.37548,Right,
15.509,Left,
15.61691,Right,
15.72721,Left,
15.86162,Right,
15.95608,Left,

time,foot
0.1847271,Right,
0.5560009,Left,
1.082048,Right,
1.622692,Left,
2.069021,Right,
2.558249,Left,
3.146855,Right,
3.656923,Left,
4.134288,Right,
4.562986,Left,
5.011953,Right,
5.536427,Left,
5.86242,Right,
6.296371,Left,
6.654404,Right,
7.028437,Left,
7.357173,Right,
7.709235,Left,
8.03007,Right,
8.488334,Left,
8.798451,Right,
10.28763,Right,
11.37004,Left,
11.83481,Right,
12.28716,Left,
12.79139,Right,
13.19517,Left,
13.59092,Right,
14.12826,Right,
14.56822,Left,
14.98726,Right,
15.47878,Left,
15.85634,Right,
16.25906,Left,
16.53248,Right,
17.10011,Left,
17.47731,Right,
17.88974,Left,
18.27342,Right,
18.82005,Left,
19.26089,Right,
19.65175,Left,
19.93722,Right,
20.2841,Left,
20.5835,Right,
20.84828,Left,
21.16495,Right,
21.45588,Left,
21.72474,Right,
22.01902,Left,
22.31444,Right,
22.56272,Left,
22.87806,Right,
23.16959,Left,
23.43099,Right,
23.71796,Left,
24.00972,Right,
24.30941,Left,
24.56677,Right,
24.82546,Left,
25.08148,Right,
25.35046,Left,
25.63828,Right,
25.9081,Left,
26.1692,Right,
26.42896,Left,
26.71412,Right,
26.95194,Left,
27.23247,Right,
27.5155,Left,
27.77489,Right,
28.06714,Left,
28.3146,Right,
28.56472,Left,
28.79291,Right,
29.0493,Left,
29.30016,Right,
29.53912,Left,
29.77887,Right,
30.04553,Left,
30.27701,Right,
30.55202,Left,
30.79862,Right,
31.01373,Left,
31.24244,Right,
31.52971,Left,
31.73855,Right,
32.13686,Left,
32.32317,Right,
32.53513,Left,
32.71416,Right,
32.83817,Left,
33.4444,Right,
33.54806,Left,
33.78872,Right,
34.26694,Left,
34.45482,Right,
34.59729,Left,
34.98642,Left,
35.17238,Right,
35.28335,Left,
35.48348,Right,
35.50241,Left,
35.73848,Right,
35.75611,Left,
36.00169,Right,
36.02119,Left,
36.24637,Right,
36.26448,Left,
36.67639,Left,
36.67639,Right,
36.91442,Left,
36.93451,Right,
37.15462,Right,
37.17479,Left,
37.38076,Left,
37.39814,Right,
37.61899,Left,
37.63693,Right,
37.83693,Left,
37.8535,Right,
38.0638,Left,
38.09902,Right,
38.31201,Right,
38.33047,Left,
38.56481,Left,

time,foot
0.07938783,Right,
0.1607623,Left,
0.3991218,Right,
0.487546,Left,
0.9219193,Right,
1.036355,Left,
1.269459,Right,
1.512447,Left,
1.731287,Right,
1.920635,Left,
2.104505,Right,
2.191898,Left,
2.407111,Right,
2.452783,Left,
2.706826,Right,
2.977908,Left,
3.045471,Right,
3.182703,Left,
3.337394,Right,
3.444465,Left,
3.652096,Right,
3.716552,Left,
3.908671,Right,
3.956639,Left,
4.236389,Right,
4.293458,Left,
4.539084,Right,
4.587028,Left,
4.777663,Right,
4.846972,Left,
5.030509,Right,
5.086057,Left,
5.287707,Right,
5.314409,Left,
5.543605,Right,
5.5885,Left,
5.807709,Right,
5.857984,Left,
6.079489,Right,
6.119651,Left,
6.319348,Right,
6.362576,Left,
6.590135,Right,
6.63679,Left,
6.838463,Right,
6.912626,Left,
7.101628,Right,
7.14423,Left,
7.337711,Right,
7.361139,Left,
7.560999,Right,
7.596786,Left,
7.838064,Right,
7.864935,Left,
8.064247,Right,
8.085292,Left,
8.285426,Right,
8.343765,Left,
8.558106,Right,
8.575649,Left,
8.771497,Right,
8.812864,Left,
9.020774,Right,
9.066869,Left,
9.246908,Right,
9.288314,Left,
9.501318,Right,
9.519387,Left,
9.743352,Right,
9.839503,Left,
9.982329,Right,
10.00185,Left,
10.22252,Right,
10.29804,Left,
11.27715,Right,
11.34893,Left,
11.78307,Right,
11.80719,Left,
13.49371,Left,
13.56719,Right,
14.55457,Left,
14.55457,Right,
15.52421,Left,
15.52421,Right,
15.9369,Left,
15.96574,Right,
16.45895,Left,
16.48579,Right,
16.9014,Left,
16.9014,Right,
17.36962,Left,
17.39771,Right,
17.78343,Left,
17.78343,Right,
18.17447,Left,
18.19807,Right,
18.55511,Left,
18.58597,Right,
18.98822,Left,
18.98822,Right,
19.36691,Left,
19.36691,Right,
19.68884,Left,
19.68884,Right,
20.11598,Left,
20.14387,Right,
20.55194,Left,
20.58334,Right,
21.01399,Left,
21.03908,Right,
21.39614,Left,
21.39614,Right,
21.82176,Left,
21.85243,Right,
22.20076,Left,
22.20076,Right,
22.55171,Left,
22.55171,Right,
22.86235,Left,
22.89051,Right,
23.22968,Left,
23.26125,Right,
23.57753,Left,
23.57753,Right,
23.82808,Left,
23.84725,Right,
24.20467,Left,
24.2339,Right,
24.68004,Left,
24.68004,Right,
25.50893,Right,
26.05939,Left,
28.04465,Right,
29.19962,Right,

time,foot
0.1796008,Right,
0.3929186,Left,
1.017756,Right,
2.573094,Right,
2.989632,Left,
4.23022,Right,
17.53692,Right,
19.64089,Left,
19.9391,Right,
20.4858,Left,
20.91653,Right,
21.31734,Left,
21.5824,Right,
21.79777,Left,
21.98,Right,
22.09615,Left,
22.22851,Right,
22.32806,Left,
22.42731,Right,
22.54328,Left,
22.64268,Right,
22.72551,Left,
22.82491,Right,
22.90775,Left,
23.02372,Right,
23.08999,Left,
23.17933,Right,
23.27654,Left,
23.39245,Right,
23.47565,Left,
23.57468,Right,
23.65795,Left,
23.77358,Right,
23.85643,Left,
23.97463,Right,
24.04102,Left,
24.65402,Right,
24.73673,Left,
24.86923,Right,
24.9852,Left,
25.06803,Right,
25.16745,Left,
25.26707,Right,
25.35015,Left,
25.46563,Right,
25.54847,Left,
25.66737,Right,
25.73392,Left,
25.86651,Right,
25.9493,Left,
26.74529,Right,
26.87782,Left,
27.01042,Right,
27.0934,Left,
27.20916,Right,
27.30856,Left,
27.42453,Right,
27.49104,Left,
27.60818,Right,
27.69101,Left,
27.80698,Right,
27.88981,Left,
28.02235,Right,
28.10518,Left,
28.238,Right,
28.30398,Left,
28.45308,Right,
28.51939,Left,
28.66845,Right,
28.75128,Left,
28.91695,Right,
28.98346,Left,
29.13237,Right,
29.21531,Left,
29.34768,Right,
29.46365,Left,
29.59618,Right,
29.70413,Left,
29.82,Right,
29.91947,Left,
30.05195,Right,
30.13517,Left,
30.28386,Right,
30.38326,Left,
31.11349,Right,
31.22946,Left,
31.362,Right,
31.4614,Left,
31.5608,Right,
31.6602,Left,
31.77617,Right,
31.859,Left,
31.95841,Right,
32.04124,Left,
32.15733,Right,
32.24031,Left,
32.35601,Right,
32.42248,Left,
32.57149,Right,
32.63765,Left,
32.77262,Right,
32.88859,Left,
33.00456,Right,
33.61807,Left,
33.7506,Right,
33.8997,Left,
34.04905,Right,
34.1482,Left,
34.31677,Right,
34.41617,Left,
34.56527,Right,
34.67168,Left,
34.80422,Right,
34.92017,Left,
35.05291,Right,
35.11909,Left,
35.25458,Right,
35.35398,Left,
35.47005,Right,
35.56936,Left,
35.67541,Right,
35.77562,Left,

time,foot
0.1021463,Right,
0.2843805,Left,
0.416913,Right,
0.5331829,Left,
0.6490811,Right,
0.7482471,Left,
0.8642254,Right,
0.9470481,Left,
1.063089,Right,
1.162752,Left,
1.278381,Right,
1.361215,Left,
1.477193,Right,
1.543534,Left,
1.659413,Right,
1.775461,Left,
1.874966,Right,
1.957614,Left,
2.073579,Right,
2.156414,Left,
2.27238,Right,
2.338693,Left,
2.504314,Left,
2.603815,Right,
2.68697,Left,
2.819386,Right,
2.901912,Left,
3.005547,Right,
3.088545,Left,
3.187782,Right,
3.270919,Left,
3.387111,Right,
3.486286,Left,
3.585686,Right,
3.668519,Left,
3.784964,Right,
3.883886,Left,
4.000354,Right,
4.09946,Left,
4.198653,Right,
4.281486,Left,
4.380887,Right,
4.480288,Left,
4.582261,Right,
4.698217,Left,
4.78105,Right,
4.881099,Left,
4.996418,Right,
5.095818,Left,
5.212132,Right,
5.344323,Left,
5.443718,Right,
5.576252,Left,
5.67597,Right,
5.75871,Left,
5.891019,Right,
6.006986,Left,
6.126682,Right,
6.723082,Right,
6.889124,Left,
7.021282,Right,
7.137249,Left,
7.236956,Right,
7.31992,Left,
7.456302,Right,
7.555429,Left,
8.251281,Right,
8.715039,Left,
9.079504,Right,
9.377704,Left,
9.64277,Right,
9.907837,Left,
10.22302,Right,
10.50428,Left,
10.76956,Right,
11.54793,Right,
11.7633,Left,
11.94553,Right,
12.07831,Left,
12.19403,Right,
12.32658,Left,
12.42596,Right,
12.5585,Left,
12.72416,Right,
12.824,Left,
12.92296,Right,
13.02236,Left,
13.13833,Right,
13.23777,Left,
13.33713,Right,
13.43653,Left,
13.51936,Right,
13.61876,Left,
13.68503,Right,
13.78443,Left,
13.88383,Right,
13.9998,Left,
14.06643,Right,
14.2483,Right,
14.31456,Left,
14.43053,Right,
14.51336,Left,
14.62933,Right,
14.67903,Left,
14.81304,Right,
14.91267,Left,
15.02841,Right,
15.11124,Left,
15.95614,Left,
16.08867,Right,
16.20464,Left,
16.32094,Right,
16.42,Left,
16.53597,Right,
16.6188,Left,
16.75155,Right,
16.83479,Left,
16.95407,Right,
17.1033,Left,
17.1363,Right,
17.26884,Left,
17.3848,Right,
17.45108,Left,
17.5836,Right,
17.683,Left,
17.99777,Left,
18.14688,Right,
18.27941,Left,
18.37881,Right,
18.47821,Left,

time,foot
0.2681755,Left,
0.4009427,Right,
0.4836224,Left,
0.5829244,Right,
0.6662366,Left,
0.7485912,Right,
0.8479911,Left,
0.947583,Right,
0.9977889,Left,
1.096968,Right,
1.162769,Left,
1.262158,Right,
1.328425,Left,
1.427825,Right,
1.527516,Left,
1.61029,Right,
1.726026,Left,
1.80886,Right,
1.908616,Left,
1.974526,Right,
2.10706,Left,
2.173326,Right,
2.289292,Left,
2.355559,Right,
2.471526,Left,
2.55436,Right,
2.670326,Left,
2.753158,Right,
2.869408,Left,
2.954079,Right,
3.070045,Left,
3.169445,Right,
3.285598,Left,
3.368485,Right,
3.484212,Left,
3.583612,Right,
3.699578,Left,
3.765857,Right,
3.881812,Left,
3.965033,Right,
4.09725,Left,
4.196867,Right,
4.312545,Left,
4.412173,Right,
4.49819,Left,
4.614152,Right,
4.730535,Left,
4.813365,Right,
4.928917,Left,
5.01175,Right,
5.127728,Left,
5.243685,Right,
5.359651,Left,
5.459051,Right,
5.575019,Left,
5.657852,Right,
5.790386,Left,
5.856652,Right,
5.975723,Left,
6.058583,Right,
6.141394,Left,
6.257357,Right,
6.356912,Left,
6.4732,Right,
6.605258,Left,
6.704659,Right,
6.787492,Left,
6.886892,Right,
7.002858,Left,
7.085691,Right,
7.190803,Left,
7.273227,Right,
7.372626,Left,
7.488593,Right,
7.588211,Left,
7.670826,Right,
7.770226,Left,
7.886486,Right,
7.969098,Left,
8.084991,Right,
8.168183,Left,
8.350058,Right,
8.466221,Left,
8.631697,Right,
8.797601,Left,
8.814105,Right,
8.92989,Left,
9.012908,Right,
9.12869,Left,
9.211521,Right,
9.327488,Left,
9.427265,Right,
9.493157,Left,
9.741653,Left,
9.85762,Right,
9.957568,Left,
10.02384,Right,
10.1398,Left,
10.22264,Right,
10.438,Left,
10.60367,Right,
10.6865,Left,
10.78607,Right,
10.91849,Left,
10.96813,Right,
11.08411,Left,
11.1338,Right,
11.23343,Right,
11.36575,Left,
11.5316,Right,
11.66408,Left,
11.68049,Right,
11.84834,Right,
11.96416,Right,
12.12983,Left,
12.1961,Right,
12.32863,Left,
12.47841,Right,
12.4943,Left,
12.65996,Left,
12.77593,Right,
12.92503,Left,
13.07413,Left,
13.12387,Right,
13.25636,Left,
13.39294,Right,
13.5089,Left,
13.57537,Right,
13.7077,Left,
13.79074,Right,
13.9086,Left,
13.99134,Right,
14.10731,Left,
14.17357,Right,
14.30611,Left,
14.4552,Left,
14.48834,Right,
14.62087,Left,
14.63744,Right,
14.76997,Left,
14.80311,Right,
14.93564,Right,
14.9522,Left,
15.06817,Right,
15.2189,Right,
15.23546,Left,
15.35155,Left,
15.36812,Right,

time,foot
0.5813482,Right,
1.360431,Left,
2.022646,Right,
2.668746,Left,
3.248676,Right,
3.861548,Left,
4.491335,Right,
5.121004,Left,
5.683878,Right,
6.31387,Left,
6.893248,Right,
7.439949,Left,
8.036346,Right,
8.600322,Left,
9.096888,Right,
9.643315,Left,
10.20663,Right,
10.81954,Left,
11.41594,Right,
11.96269,Left,
12.52591,Right,
13.08918,Left,
13.65245,Right,
14.21688,Left,
14.72994,Right,
15.27667,Left,
15.87342,Right,
16.35402,Left,
16.88362,Right,
17.39719,Left,
17.92733,Right,
18.44099,Left,
19.00698,Right,
19.45428,Left,
20.001,Right,
20.54768,Left,
21.09479,Right,
21.64133,Left,
22.15484,Right,
22.66853,Left,
23.19868,Right,
23.72956,Left,
24.24249,Right,
24.75595,Left,
25.30297,Right,
25.79995,Left,
26.37949,Right,
26.87715,Left,
27.47334,Right,
28.00302,Left,
28.50002,Right,
28.96427,Left,
29.49402,Right,
30.04072,Left,
30.53815,Right,
31.03473,Left,
31.54829,Right,
32.0453,Left,
32.57544,Right,
33.10557,Left,
33.65282,Right,
34.14928,Left,
34.67973,Right,
35.20953,Left,
35.7066,Right,
36.18699,Left,
36.66741,Right,
37.19759,Left,
37.72768,Right,
38.24128,Left,
38.78812,Right,
39.38439,Left,
39.89794,Right,
40.37984,Left,
40.94278,Right,
41.47301,Left,
41.98718,Right,
42.50006,Left,
43.01363,Right,
43.49442,Left,
43.99137,Right,
44.50518,Left,
45.01875,Right,
45.56567,Left,
46.07902,Right,
46.60952,Left,
47.12275,Right,
47.61988,Left,
48.19957,Right,
48.79615,Left,
49.39238,Right,
49.90822,Left,
50.42211,Right,
50.88566,Left,
51.44893,Right,
51.92936,Left,
52.44292,Right,
52.92337,Left,
53.47011,Right,
53.95051,Left,
54.43095,Right,
54.9297,Left,
55.4767,Right,
55.99081,Left,
56.47042,Right,
56.98399,Left,
57.46443,Right,
57.96148,Left,
58.47514,Right,
58.972,Left,
59.45262,Right,
59.98316,Left,

cv,lcv,rcv
1.03172179481405,1.03172179481405,1.02085451383029

cv,lcv,rcv
1.02566891505974,1.03189625526449,1.019441574855

cv,lcv,rcv
0.873241770317679,0.895302274096269,0.851181266539089

cv,lcv,rcv
<<<<<<< HEAD
0.877679136316363,1.27893517198966,0.476423100643066
=======
1.32547815335442,1.31870530614676,1.33225100056209

cv,lcv,rcv
0.722161501315756,0.727303661526909,0.717019341104602

cv,lcv,rcv
0.833217441675006,0.824692405342921,0.841742478007092

cv,lcv,rcv
1.02020992152813,1.00318184059843,1.03723800245783

cv,lcv,rcv
0.947784787070414,0.944599392384323,0.950970181756505

cv,lcv,rcv
1.25284707962302,1.14024704917875,1.36544711006729

cv,lcv,rcv
0.900835841672686,0.896833502251397,0.904838181093975

cv,lcv,rcv
1.7346197294085,1.69989750983652,1.76934194898049

cv,lcv,rcv
1.06922990527947,1.05037793631639,1.08808187424255

cv,lcv,rcv
1.30864123543404,1.30694936908895,1.31033310177914

cv,lcv,rcv
1.00035566099183,1.00438252637047,0.996328795613199

cv,lcv,rcv
1.27468692342819,1.31633938906458,1.23303445779179

cv,lcv,rcv
0.981481750328588,0.965450910380511,0.997512590276665

cv,lcv,rcv
1.15767127435851,1.19647653297355,1.11886601574348

cv,lcv,rcv
1.14645561992046,1.1383532151612,1.15455802467973

cv,lcv,rcv
1.05468060590001,1.08218131096011,1.02717990083991

cv,lcv,rcv
1.01704974537155,1.01231271364419,1.02178677709892

cv,lcv,rcv
1.18365114795086,1.24234797018481,1.12495432571692

cv,lcv,rcv
1.07964233855062,1.07521900477466,1.08406567232658
>>>>>>> 58661392236bef828477202b99ac5776799b05db

cv,lcv,rcv
1.22953221627965,1.25264764282988,1.20641678972942

cv,lcv,rcv
1.11963077678079,1.0778636814169,1.16139787214468

cv,lcv,rcv
1.0196179919393,1.00353989277379,1.03569609110481

cv,lcv,rcv
1.01280531863253,1.00164942215667,1.02396121510839

cv,lcv,rcv
1.00730451783753,0.982486003331147,1.0321230323439

cv,lcv,rcv
1.08106207602131,1.07111782919825,1.09100632284437

cv,lcv,rcv
0.965819685660826,0.959912582913653,0.971726788407999

cv,lcv,rcv
0.902465277057272,0.883911744440227,0.921018809674316

cv,lcv,rcv
1.04503942114676,1.06955104950851,1.02052779278501

cv,lcv,rcv
0.677793928022247,0.663209284343715,0.692378571700779

cv,lcv,rcv
1.02902848668902,1.04260299291941,1.01545398045863

cv,lcv,rcv
0.790926121424515,0.812820152848057,0.769032090000974

cv,lcv,rcv
0.723677816593259,0.712684485934079,0.734671147252439

cv,lcv,rcv
0.943660374558255,0.927147612156951,0.960173136959559

cv,lcv,rcv
1.09600078124438,1.10524555347006,1.08675600901871

cv,lcv,rcv
1.09028288243784,1.04653838226029,1.13402738261539

cv,lcv,rcv
1.12371156184782,1.1121747670458,1.13524835664984

cv,lcv,rcv
1.20047816076627,1.23497001973013,1.16598630180242

cv,lcv,rcv
1.03672384550967,1.02276181896221,1.05068587205713

cv,lcv,rcv
0.835338984528704,0.825914452203533,0.844763516853875

